{"Plugin":null,"projectid":"62651b3a4c88a328ec5168da","workflowid":"SecondProject/CurrencyLookup","robotqueue":"6262feb56b18465813c5400d","amqpqueue":"","maxretries":3,"retrydelay":0,"initialdelay":0,"_id":"6265218c4c88a31dc35169a2","_type":"workitemqueue","name":"CurrencyConverter2","_modified":"2022-04-24T10:58:15.288Z","_modifiedby":"workitemuser","_modifiedbyid":"6262feb56b18465813c5400d","_created":"2022-04-24T10:08:12.632Z","_createdby":"workitemuser","_createdbyid":"6262feb56b18465813c5400d","_acl":[{"deny":false,"rights":"//////////////////////////////////////////////////////////////////////////////////////////////////////////////////////////////////////////////////////////////////////8=","_id":"5a1702fa245d9013697656fb","name":"admins"},{"deny":false,"rights":"//////////////////////////////////////////////////////////////////////////////////////////////////////////////////////////////////////////////////////////////////////8=","_id":"6262feb56b18465813c5400d","name":"workitemuser"}],"_encrypt":[],"_version":10}