{"queue":null,"Xaml":"<Activity mc:Ignorable=\"sap sap2010 sads\" x:Class=\"Process_Excel\" mva:VisualBasic.Settings=\"{x:Null}\" sap2010:WorkflowViewState.IdRef=\"Process_Excel_1\"\r\n xmlns=\"http://schemas.microsoft.com/netfx/2009/xaml/activities\"\r\n xmlns:mc=\"http://schemas.openxmlformats.org/markup-compatibility/2006\"\r\n xmlns:mva=\"clr-namespace:Microsoft.VisualBasic.Activities;assembly=System.Activities\"\r\n xmlns:ooa=\"clr-namespace:OpenRPA.Office.Activities;assembly=OpenRPA.Office\"\r\n xmlns:ow=\"clr-namespace:OpenRPA.WorkItems;assembly=OpenRPA\"\r\n xmlns:sads=\"http://schemas.microsoft.com/netfx/2010/xaml/activities/debugger\"\r\n xmlns:sap=\"http://schemas.microsoft.com/netfx/2009/xaml/activities/presentation\"\r\n xmlns:sap2010=\"http://schemas.microsoft.com/netfx/2010/xaml/activities/presentation\"\r\n xmlns:scg=\"clr-namespace:System.Collections.Generic;assembly=mscorlib\"\r\n xmlns:sco=\"clr-namespace:System.Collections.ObjectModel;assembly=mscorlib\"\r\n xmlns:sd=\"clr-namespace:System.Data;assembly=System.Data\"\r\n xmlns:x=\"http://schemas.microsoft.com/winfx/2006/xaml\">\r\n  <TextExpression.NamespacesForImplementation>\r\n    <sco:Collection x:TypeArguments=\"x:String\">\r\n      <x:String>System</x:String>\r\n      <x:String>System.Xml</x:String>\r\n      <x:String>OpenRPA</x:String>\r\n      <x:String>System.Data</x:String>\r\n      <x:String>System.Linq</x:String>\r\n      <x:String>Microsoft.VisualBasic</x:String>\r\n      <x:String>System.Xml.Serialization</x:String>\r\n      <x:String>System.Activities</x:String>\r\n    </sco:Collection>\r\n  </TextExpression.NamespacesForImplementation>\r\n  <TextExpression.ReferencesForImplementation>\r\n    <sco:Collection x:TypeArguments=\"AssemblyReference\">\r\n      <AssemblyReference>mscorlib</AssemblyReference>\r\n      <AssemblyReference>System.Xml</AssemblyReference>\r\n      <AssemblyReference>OpenRPA</AssemblyReference>\r\n      <AssemblyReference>OpenRPA.Interfaces</AssemblyReference>\r\n      <AssemblyReference>System.Data</AssemblyReference>\r\n      <AssemblyReference>System.Core</AssemblyReference>\r\n      <AssemblyReference>Microsoft.VisualBasic</AssemblyReference>\r\n      <AssemblyReference>System.Activities</AssemblyReference>\r\n      <AssemblyReference>System</AssemblyReference>\r\n      <AssemblyReference>System.Memory</AssemblyReference>\r\n      <AssemblyReference>Microsoft.Bcl.AsyncInterfaces</AssemblyReference>\r\n      <AssemblyReference>Microsoft.Bcl.HashCode</AssemblyReference>\r\n      <AssemblyReference>System.ValueTuple</AssemblyReference>\r\n      <AssemblyReference>System.ServiceModel</AssemblyReference>\r\n      <AssemblyReference>System.ComponentModel.Composition</AssemblyReference>\r\n      <AssemblyReference>System.Net.WebSockets.Client.Managed</AssemblyReference>\r\n      <AssemblyReference>System.Runtime.WindowsRuntime</AssemblyReference>\r\n    </sco:Collection>\r\n  </TextExpression.ReferencesForImplementation>\r\n  <Sequence sap2010:WorkflowViewState.IdRef=\"Sequence_1\">\r\n    <Sequence.Variables>\r\n      <Variable x:TypeArguments=\"sd:DataTable\" Name=\"dt\" />\r\n      <Variable x:TypeArguments=\"x:String\" Name=\"converted\" />\r\n    </Sequence.Variables>\r\n    <ooa:ReadRange Application=\"{x:Null}\" Cells=\"{x:Null}\" ReadPassword=\"{x:Null}\" SheetPassword=\"{x:Null}\" Workbook=\"{x:Null}\" Worksheet=\"{x:Null}\" WritePassword=\"{x:Null}\" lastUsedColumn=\"{x:Null}\" lastUsedRow=\"{x:Null}\" ClearFormats=\"False\" DataTable=\"[dt]\" Filename=\"[&quot;%USERPROFILE%\\Documents\\CurrencyLookup.xlsx&quot;]\" sap2010:WorkflowViewState.IdRef=\"ReadRange_1\" IgnoreEmptyRows=\"False\" UseHeaderRow=\"True\" Visible=\"True\" />\r\n    <ow:BulkAddWorkitems Filefields=\"{x:Null}\" NextRun=\"{x:Null}\" Priority=\"{x:Null}\" wiqid=\"{x:Null}\" DataTable=\"[dt]\" sap2010:WorkflowViewState.IdRef=\"BulkAddWorkitems_1\" wiq=\"CurrencyConverter3\" />\r\n    <sads:DebugSymbol.Symbol>dw1DOlxFbXB0eS54YW1sAA==</sads:DebugSymbol.Symbol>\r\n  </Sequence>\r\n  <sap2010:WorkflowViewState.ViewStateManager>\r\n    <sap2010:ViewStateManager>\r\n      <sap2010:ViewStateData Id=\"ReadRange_1\" sap:VirtualizedContainerService.HintSize=\"282,70\" />\r\n      <sap2010:ViewStateData Id=\"BulkAddWorkitems_1\" sap:VirtualizedContainerService.HintSize=\"282,91\" />\r\n      <sap2010:ViewStateData Id=\"Sequence_1\" sap:VirtualizedContainerService.HintSize=\"304,325\">\r\n        <sap:WorkflowViewStateService.ViewState>\r\n          <scg:Dictionary x:TypeArguments=\"x:String, x:Object\">\r\n            <x:Boolean x:Key=\"IsExpanded\">True</x:Boolean>\r\n          </scg:Dictionary>\r\n        </sap:WorkflowViewStateService.ViewState>\r\n      </sap2010:ViewStateData>\r\n      <sap2010:ViewStateData Id=\"Process_Excel_1\" sap:VirtualizedContainerService.HintSize=\"344,405\" />\r\n    </sap2010:ViewStateManager>\r\n  </sap2010:WorkflowViewState.ViewStateManager>\r\n</Activity>","culture":"en-DK","Parameters":[],"Serializable":false,"Filename":"NewWorkflow.xaml","projectandname":"ThirdProject/Process Excel","FilePath":"C:\\Users\\Allan\\Documents\\OpenRPA\\ThirdProject\\NewWorkflow.xaml","projectid":"62651e354c88a33b0a516948","name":"Process Excel","_id":"62651e4a4c88a324ea51694b","_type":"workflow","_modified":"2022-04-24T10:13:04.373Z","_modifiedby":"workitemuser","_modifiedbyid":"6262feb56b18465813c5400d","_created":"2022-04-24T09:54:18.675Z","_createdby":"workitemuser","_createdbyid":"6262feb56b18465813c5400d","_acl":[{"deny":false,"rights":"//////////////////////////////////////////////////////////////////////////////////////////////////////////////////////////////////////////////////////////////////////8=","_id":"5a1702fa245d9013697656fb","name":"admins"},{"deny":false,"rights":"//////////////////////////////////////////////////////////////////////////////////////////////////////////////////////////////////////////////////////////////////////8=","_id":"6262feb56b18465813c5400d","name":"workitemuser"}],"_encrypt":null,"_version":4}