{"Plugin":null,"projectid":"62651e354c88a33b0a516948","workflowid":"ThirdProject/Main Process Queue","robotqueue":"6262feb56b18465813c5400d","amqpqueue":null,"maxretries":3,"retrydelay":0,"initialdelay":0,"_id":"626524514c88a32980516a98","_type":"workitemqueue","name":"CurrencyConverter3","_modified":"2022-04-24T10:20:01.474Z","_modifiedby":"workitemuser","_modifiedbyid":"6262feb56b18465813c5400d","_created":"2022-04-24T10:20:01.474Z","_createdby":"workitemuser","_createdbyid":"6262feb56b18465813c5400d","_acl":[{"deny":false,"rights":"//////////////////////////////////////////////////////////////////////////////////////////////////////////////////////////////////////////////////////////////////////8=","_id":"5a1702fa245d9013697656fb","name":"admins"},{"deny":false,"rights":"//////////////////////////////////////////////////////////////////////////////////////////////////////////////////////////////////////////////////////////////////////8=","_id":"626524514c88a3f39c516a94","name":"CurrencyConverter3 users"},{"deny":false,"rights":"//////////////////////////////////////////////////////////////////////////////////////////////////////////////////////////////////////////////////////////////////////8=","_id":"6262feb56b18465813c5400d","name":"workitemuser"}],"_encrypt":[],"_version":1}