{"Plugin":null,"projectid":"636e3ed5154667c3e70d042c","workflowid":"WorkitemExample/Main Process Queue","robotqueue":"5ce94386320b9ce0bc2c3d07","amqpqueue":null,"maxretries":3,"retrydelay":0,"initialdelay":0,"success_wiqid":null,"failed_wiqid":null,"success_wiq":null,"failed_wiq":null,"_id":"62b9dd38ddfc712e63ec9b56","_type":"workitemqueue","name":"ExampleQueue","_modified":"2022-11-11T12:25:43.611Z","_modifiedby":"allan5","_modifiedbyid":"5ce94386320b9ce0bc2c3d07","_created":"2022-06-27T16:39:20.337Z","_createdby":"allan5","_createdbyid":"5ce94386320b9ce0bc2c3d07","_acl":[{"deny":null,"rights":65535,"_id":"5a1702fa245d9013697656fb","name":"admins"},{"deny":null,"rights":32767,"_id":"625440c4231309af5f2052cd","name":"workitem queue admins"},{"deny":null,"rights":65535,"_id":"5ce94386320b9ce0bc2c3d07","name":"allan5"}],"_encrypt":[],"_version":24}