{"save_output":false,"send_output":false,"queue":null,"Xaml":"<Activity mc:Ignorable=\"sap sap2010 sads\" x:Class=\"Add_new_Failed_Workitem\" mva:VisualBasic.Settings=\"{x:Null}\" sap2010:WorkflowViewState.IdRef=\"New_Workflow_1\"\r\n xmlns=\"http://schemas.microsoft.com/netfx/2009/xaml/activities\"\r\n xmlns:mc=\"http://schemas.openxmlformats.org/markup-compatibility/2006\"\r\n xmlns:mva=\"clr-namespace:Microsoft.VisualBasic.Activities;assembly=System.Activities\"\r\n xmlns:oi=\"clr-namespace:OpenRPA.Interfaces;assembly=OpenRPA.Interfaces\"\r\n xmlns:ow=\"clr-namespace:OpenRPA.WorkItems;assembly=OpenRPA\"\r\n xmlns:s=\"clr-namespace:System;assembly=mscorlib\"\r\n xmlns:sads=\"http://schemas.microsoft.com/netfx/2010/xaml/activities/debugger\"\r\n xmlns:sap=\"http://schemas.microsoft.com/netfx/2009/xaml/activities/presentation\"\r\n xmlns:sap2010=\"http://schemas.microsoft.com/netfx/2010/xaml/activities/presentation\"\r\n xmlns:scg=\"clr-namespace:System.Collections.Generic;assembly=mscorlib\"\r\n xmlns:sco=\"clr-namespace:System.Collections.ObjectModel;assembly=mscorlib\"\r\n xmlns:x=\"http://schemas.microsoft.com/winfx/2006/xaml\">\r\n  <TextExpression.NamespacesForImplementation>\r\n    <sco:Collection x:TypeArguments=\"x:String\">\r\n      <x:String>System</x:String>\r\n      <x:String>System.Xml</x:String>\r\n      <x:String>OpenRPA</x:String>\r\n      <x:String>System.Data</x:String>\r\n      <x:String>System.Linq</x:String>\r\n      <x:String>Microsoft.VisualBasic</x:String>\r\n      <x:String>OpenRPA.Interfaces</x:String>\r\n      <x:String>System.Activities</x:String>\r\n    </sco:Collection>\r\n  </TextExpression.NamespacesForImplementation>\r\n  <TextExpression.ReferencesForImplementation>\r\n    <sco:Collection x:TypeArguments=\"AssemblyReference\">\r\n      <AssemblyReference>mscorlib</AssemblyReference>\r\n      <AssemblyReference>System.Xml</AssemblyReference>\r\n      <AssemblyReference>OpenRPA</AssemblyReference>\r\n      <AssemblyReference>OpenRPA.Interfaces</AssemblyReference>\r\n      <AssemblyReference>System.Data</AssemblyReference>\r\n      <AssemblyReference>System.Core</AssemblyReference>\r\n      <AssemblyReference>Microsoft.VisualBasic</AssemblyReference>\r\n      <AssemblyReference>System.Activities</AssemblyReference>\r\n    </sco:Collection>\r\n  </TextExpression.ReferencesForImplementation>\r\n  <Sequence sap2010:WorkflowViewState.IdRef=\"Sequence_1\">\r\n    <Sequence.Variables>\r\n      <Variable x:TypeArguments=\"oi:IWorkitem\" Name=\"result\" />\r\n      <Variable x:TypeArguments=\"s:String[]\" Name=\"files\" />\r\n    </Sequence.Variables>\r\n    <Assign sap2010:WorkflowViewState.IdRef=\"Assign_2\">\r\n      <Assign.To>\r\n        <OutArgument x:TypeArguments=\"s:String[]\">[files]</OutArgument>\r\n      </Assign.To>\r\n      <Assign.Value>\r\n        <InArgument x:TypeArguments=\"s:String[]\">[{\"C:\\temp\\body.png\"}]</InArgument>\r\n      </Assign.Value>\r\n    </Assign>\r\n    <ow:AddWorkitem NextRun=\"{x:Null}\" Priority=\"{x:Null}\" wiqid=\"{x:Null}\" Files=\"[files]\" sap2010:WorkflowViewState.IdRef=\"AddWorkitem_3\" Name=\"This item will fail\" Workitem=\"[result]\" wiq=\"ExampleQueue\">\r\n      <ow:AddWorkitem.Payload>\r\n        <InArgument x:TypeArguments=\"x:Boolean\" x:Key=\"fail\">True</InArgument>\r\n      </ow:AddWorkitem.Payload>\r\n    </ow:AddWorkitem>\r\n    <WriteLine sap2010:WorkflowViewState.IdRef=\"WriteLine_1\" Text=\"[result._id]\" />\r\n    <sads:DebugSymbol.Symbol>dw1DOlxFbXB0eS54YW1sAA==</sads:DebugSymbol.Symbol>\r\n  </Sequence>\r\n  <sap2010:WorkflowViewState.ViewStateManager>\r\n    <sap2010:ViewStateManager>\r\n      <sap2010:ViewStateData Id=\"Assign_2\" sap:VirtualizedContainerService.HintSize=\"242,60\" />\r\n      <sap2010:ViewStateData Id=\"AddWorkitem_3\" sap:VirtualizedContainerService.HintSize=\"242,76\" />\r\n      <sap2010:ViewStateData Id=\"WriteLine_1\" sap:VirtualizedContainerService.HintSize=\"242,61\" />\r\n      <sap2010:ViewStateData Id=\"Sequence_1\" sap:VirtualizedContainerService.HintSize=\"264,401\">\r\n        <sap:WorkflowViewStateService.ViewState>\r\n          <scg:Dictionary x:TypeArguments=\"x:String, x:Object\">\r\n            <x:Boolean x:Key=\"IsExpanded\">True</x:Boolean>\r\n          </scg:Dictionary>\r\n        </sap:WorkflowViewStateService.ViewState>\r\n      </sap2010:ViewStateData>\r\n      <sap2010:ViewStateData Id=\"New_Workflow_1\" sap:VirtualizedContainerService.HintSize=\"304,481\" />\r\n    </sap2010:ViewStateManager>\r\n  </sap2010:WorkflowViewState.ViewStateManager>\r\n</Activity>","culture":null,"Parameters":[],"Serializable":true,"background":false,"Filename":"AddnewFailedWorkitem.xaml","projectandname":"WorkitemExample/Add new Failed Workitem","FilePath":"C:\\Users\\Allan\\Documents\\OpenRPA\\WorkitemExample\\AddnewFailedWorkitem.xaml","projectid":"636e3ed5154667c3e70d042c","name":"Add new Failed Workitem","_id":"dcf02862-b911-4c8a-a33d-0e509def1b5a","_type":"workflow","_modified":"2022-04-12T16:35:56.87+02:00","_modifiedby":"allan5","_modifiedbyid":"5ce94386320b9ce0bc2c3d07","_created":"2022-04-08T14:43:37.138+02:00","_createdby":"allan5","_createdbyid":"5ce94386320b9ce0bc2c3d07","_acl":[{"deny":null,"rights":65535,"_id":"5a1702fa245d9013697656fb","name":"admins"},{"deny":null,"rights":65535,"_id":"5ce94386320b9ce0bc2c3d07","name":"allan5"}],"_encrypt":null,"_version":1}