{"Plugin":null,"projectid":"62652ac84c88a35a1f516b7a","workflowid":"FourthProject/Main Process Queue","robotqueue":"5e0b52404f910e4eb49e3e4e","amqpqueue":"","maxretries":3,"retrydelay":0,"initialdelay":0,"_id":"62652b294c88a3b7b6516b87","_type":"workitemqueue","name":"CurrencyConverter4","_modified":"2022-04-24T11:08:07.378Z","_modifiedby":"workitemuser","_modifiedbyid":"6262feb56b18465813c5400d","_created":"2022-04-24T10:49:13.531Z","_createdby":"workitemuser","_createdbyid":"6262feb56b18465813c5400d","_acl":[{"deny":false,"rights":"//////////////////////////////////////////////////////////////////////////////////////////////////////////////////////////////////////////////////////////////////////8=","_id":"6262feb56b18465813c5400d","name":"workitemuser"},{"deny":false,"rights":"//////////////////////////////////////////////////////////////////////////////////////////////////////////////////////////////////////////////////////////////////////8=","_id":"5e0c8d8eea7ae0ff20415e32","name":"hdrobotsgroup"},{"deny":false,"rights":"//////////////////////////////////////////////////////////////////////////////////////////////////////////////////////////////////////////////////////////////////////8=","_id":"5e0b52404f910e4eb49e3e4e","name":"hdrobots"},{"deny":false,"rights":"//////////////////////////////////////////////////////////////////////////////////////////////////////////////////////////////////////////////////////////////////////8=","_id":"5a1702fa245d9013697656fb","name":"admins"}],"_encrypt":[],"_version":12}